{"type":"object","formProperties":{"columnWidth":"175px"},"properties":[{"name":"group1","type":"propertyGroup","title":"Bound Ran Application to Transport service","newRow":true},{"name":"mrbts","propertyGroup":"group1","type":"string","title":"MRBTS","description":"Provide the MRBTS","readOnly":false,"columnSpan":2,"newRow":true,"required":true,"component":{"input":"autoComplete"},"suggest":{"action":"sferic.mrbtsList","name":["neName"]}},{"name":"ranapplication","propertyGroup":"group1","type":"string","title":"RAN Application","description":"Provide the RAN Application name","readOnly":false,"required":true,"columnSpan":2,"newRow":true,"component":{"input":"autoComplete"},"suggest":{"action":"sferic.ranApplicationByMrbtsId","name":["ranApplicationName"]}},{"name":"transportservice","propertyGroup":"group1","type":"string","title":"Transport Service","description":"Provide the transport service to be used for the RAN Application","readOnly":false,"required":true,"columnSpan":2,"newRow":true,"component":{"input":"autoComplete"},"suggest":{"action":"sferic.transportServiceByMrbtsId","name":["transportDisplayedName"]}},{"name":"ipAddressv4","propertyGroup":"group1","description":"Provide the BTS Transport IPV4 used by the RAN Application","title":"BTS Transport IPV4","readOnly":false,"columnSpan":2,"required":false,"newRow":true,"type":"string","component":{"input":"autoComplete"},"suggest":{"action":"sferic.transportServiceByServiceName","name":["ipv4Prefix"]},"validations":{"patterns":["^(?:(?:25[0-5]|2[0-4][0-9]|[01]?[0-9][0-9]?)\\.){3}(?:25[0-5]|2[0-4][0-9]|[01]?[0-9][0-9]?)\\/(?:25[0-5]|2[0-4][0-9]|[01]?[0-9][0-9]?)$"]}},{"name":"ipAddressv6","propertyGroup":"group1","description":"Provide the BTS Transport IPV4 used by the RAN Application","title":"BTS Transport IPV6","readOnly":false,"columnSpan":2,"required":false,"newRow":true,"type":"string","component":{"input":"autoComplete"},"suggest":{"action":"sferic.transportServiceByServiceName","name":["ipv6Prefix"]}},{"propertyGroup":"group1","description":"BTS Transport VLAN used by the RAN Application","name":"vlan","title":"BTS Transport VLAN","readOnly":false,"columnSpan":2,"required":true,"newRow":true,"type":"number","component":{"input":"autoComplete"},"suggest":{"action":"sferic.transportServiceByServiceName","name":["vlanIdStr"]}}]}