{"type":"object","formProperties":{"columnWidth":"175px"},"properties":[{"name":"group1","type":"propertyGroup","title":"Bound Ran Application to Transport service","newRow":true},{"name":"mrbts","propertyGroup":"group1","type":"string","title":"MRBTS","description":"Provide the MRBTS","readOnly":false,"columnSpan":2,"newRow":true,"required":true,"component":{"input":"autoComplete"},"suggest":{"action":"sferic.mrbtsList","name":["neName"]}},{"name":"ranapplication","propertyGroup":"group1","type":"string","title":"RAN Application","description":"Provide the RAN Application name","readOnly":false,"required":true,"columnSpan":2,"newRow":true,"component":{"input":"autoComplete"},"suggest":{"action":"sferic.ranApplicationByMrbtsId","name":["ranApplicationName"]}}]}